{
  "config": {
    "dim": 64,
    "num_heads": 4,
    "num_loops": 4,
    "mem_dim": 32,
    "num_caps": 4,
    "moe_k": 2,
    "seq_len": 64,
    "bs": 16,
    "lr": 0.0003,
    "wd": 0.1,
    "warmup": 50,
    "steps": 2000,
    "grad_clip": 1.0,
    "log_every": 200,
    "eval_every": 500
  },
  "results": [
    {
      "variant": "looped",
      "params": 53762,
      "val_loss": 0.04486890491098165,
      "time_s": 44.90375256538391
    },
    {
      "variant": "looped+moe",
      "params": 159302,
      "val_loss": 0.044821854867041114,
      "time_s": 81.33973670005798
    },
    {
      "variant": "looped+codex",
      "params": 148342,
      "val_loss": 0.045107190310955045,
      "time_s": 89.13478946685791
    }
  ]
}