{
  "config": {
    "dim": 128,
    "num_heads": 4,
    "vocab_size": 65,
    "max_seq_len": 128,
    "num_loops_or_layers": 4,
    "memory_dim": 32,
    "batch_size": 32,
    "learning_rate": 0.0003,
    "weight_decay": 0.1,
    "max_steps": 2000,
    "warmup_steps": 200,
    "grad_clip": 1.0,
    "log_every": 100,
    "eval_every": 200,
    "variant": "looped+pathway+int4"
  },
  "results": [
    {
      "variant": "deep",
      "params": 795392,
      "final_val_loss": 0.019460980873554946,
      "wall_time_sec": 237.32803583145142,
      "train_losses": [
        4.179478168487549,
        3.050105094909668,
        0.44629743695259094,
        0.06292527914047241,
        0.03128962963819504,
        0.021090222522616386,
        0.02106574922800064,
        0.020910659804940224,
        0.022068744525313377,
        0.021187130361795425,
        0.021937387064099312,
        0.01751779578626156,
        0.023712819442152977,
        0.018445642665028572,
        0.02014610730111599,
        0.01737554557621479,
        0.01800217479467392,
        0.021378733217716217,
        0.018370740115642548,
        0.020324021577835083
      ],
      "val_losses": [
        0.4707032531499863,
        0.027377694100141525,
        0.021726009715348483,
        0.020506109483540057,
        0.019952950719743966,
        0.019898713659495117,
        0.019591069128364325,
        0.019460980873554946,
        0.01947598522529006
      ],
      "steps": [
        0,
        100,
        200,
        300,
        400,
        500,
        600,
        700,
        800,
        900,
        1000,
        1100,
        1200,
        1300,
        1400,
        1500,
        1600,
        1700,
        1800,
        1900
      ]
    },
    {
      "variant": "looped",
      "params": 205954,
      "final_val_loss": 0.019548557139933108,
      "wall_time_sec": 241.48627734184265,
      "train_losses": [
        4.20043420791626,
        3.1854145526885986,
        0.8920536041259766,
        0.10912450402975082,
        0.030962567776441574,
        0.02615571767091751,
        0.021056871861219406,
        0.022509856149554253,
        0.023779718205332756,
        0.021621057763695717,
        0.018893567845225334,
        0.020390981808304787,
        0.02145836129784584,
        0.021601669490337372,
        0.02049511857330799,
        0.021716410294175148,
        0.0168684720993042,
        0.01595841906964779,
        0.02340354584157467,
        0.01734188012778759
      ],
      "val_losses": [
        0.8866552740335465,
        0.03297807527706027,
        0.022184361703693867,
        0.02063239710405469,
        0.020114644430577755,
        0.020092665404081344,
        0.01973028974607587,
        0.019633160531520845,
        0.019548557139933108
      ],
      "steps": [
        0,
        100,
        200,
        300,
        400,
        500,
        600,
        700,
        800,
        900,
        1000,
        1100,
        1200,
        1300,
        1400,
        1500,
        1600,
        1700,
        1800,
        1900
      ]
    },
    {
      "variant": "looped+pathway",
      "params": 256258,
      "final_val_loss": 0.019606738723814486,
      "wall_time_sec": 336.3805937767029,
      "train_losses": [
        4.2462592124938965,
        3.3835597038269043,
        0.9897667169570923,
        0.10664293169975281,
        0.02529740147292614,
        0.024724483489990234,
        0.021503426134586334,
        0.01933295838534832,
        0.020024927332997322,
        0.02467256970703602,
        0.022082703188061714,
        0.02130855619907379,
        0.02301480621099472,
        0.018575720489025116,
        0.018585339188575745,
        0.019618315622210503,
        0.021214470267295837,
        0.02426917850971222,
        0.02350701205432415,
        0.020977608859539032
      ],
      "val_losses": [
        1.0446298271417618,
        0.03171534333378077,
        0.021926475688815117,
        0.020958895329385996,
        0.02017324957996607,
        0.019836197886615992,
        0.019910965207964183,
        0.019606738723814486,
        0.01963085187599063
      ],
      "steps": [
        0,
        100,
        200,
        300,
        400,
        500,
        600,
        700,
        800,
        900,
        1000,
        1100,
        1200,
        1300,
        1400,
        1500,
        1600,
        1700,
        1800,
        1900
      ]
    },
    {
      "variant": "looped+pathway+int4",
      "params": 256258,
      "final_val_loss": 2.379142689704895,
      "wall_time_sec": 322.99569439888,
      "train_losses": [
        4.174265384674072,
        3.4488933086395264,
        3.30560040473938,
        3.0568459033966064,
        2.8530726432800293,
        2.629648208618164,
        2.540463447570801,
        2.4863944053649902,
        2.4454550743103027,
        2.4495699405670166,
        2.392683744430542,
        2.3892574310302734,
        2.3677446842193604,
        2.3557400703430176,
        2.3878865242004395,
        2.326740264892578,
        2.3557753562927246,
        2.369319200515747,
        2.361738920211792,
        2.3599414825439453
      ],
      "val_losses": [
        3.275926959514618,
        2.8506244659423827,
        2.542273962497711,
        2.448183608055115,
        2.415631580352783,
        2.3950595378875734,
        2.3792551040649412,
        2.3854658722877504,
        2.379142689704895
      ],
      "steps": [
        0,
        100,
        200,
        300,
        400,
        500,
        600,
        700,
        800,
        900,
        1000,
        1100,
        1200,
        1300,
        1400,
        1500,
        1600,
        1700,
        1800,
        1900
      ]
    }
  ]
}