{
  "config": {
    "dim": 64,
    "num_heads": 4,
    "num_loops": 8,
    "mem_dim": 32,
    "num_caps": 4,
    "moe_k": 2,
    "experts_per_cap": 4,
    "seq_len": 64,
    "bs": 16,
    "lr": 0.0003,
    "wd": 0.1,
    "warmup": 200,
    "steps": 3000,
    "grad_clip": 1.0,
    "log_every": 300,
    "eval_every": 500
  },
  "result": {
    "params": 132438,
    "best_val": 0.04207502967781491,
    "final_val": 0.04224562727742725,
    "time_s": 310.2,
    "train_losses": [
      4.362675666809082,
      2.8584301471710205,
      0.37544307112693787,
      0.07357949018478394,
      0.04369892552495003,
      0.04831946641206741,
      0.045868318527936935,
      0.03803981468081474,
      0.041680797934532166,
      0.03909369185566902
    ],
    "val_losses": [
      4.36276822619968,
      2.7961277961730957,
      0.33769599927796257,
      0.06718142578999202,
      0.0480647844572862,
      0.04435636599858602,
      0.04318180887235536,
      0.042246668289105095,
      0.04287459825476011,
      0.04207502967781491
    ],
    "steps": [
      0,
      300,
      600,
      900,
      1200,
      1500,
      1800,
      2100,
      2400,
      2700
    ],
    "precision_gates": [
      0.4959999918937683,
      0.49799999594688416,
      0.49900001287460327,
      0.49799999594688416
    ]
  }
}