{
  "config": {
    "dim": 64,
    "num_heads": 4,
    "num_loops": 8,
    "mem_dim": 32,
    "num_caps": 4,
    "moe_k": 2,
    "experts_per_cap": 4,
    "seq_len": 64,
    "bs": 16,
    "lr": 0.0003,
    "wd": 0.1,
    "warmup": 200,
    "steps": 3000,
    "grad_clip": 1.0,
    "log_every": 300,
    "eval_every": 500
  },
  "result": {
    "params": 132438,
    "best_val": 0.04138886969950464,
    "final_val": 0.04153272012869517,
    "time_s": 280.6,
    "train_losses": [
      4.340450763702393,
      2.6445257663726807,
      0.35324782133102417,
      0.07293061912059784,
      0.042798563838005066,
      0.04159216582775116,
      0.04488883912563324,
      0.03753705695271492,
      0.03448113054037094,
      0.04316001385450363
    ],
    "val_losses": [
      4.331731796264648,
      2.5682981279161243,
      0.31102754175662994,
      0.06615301759706603,
      0.04831829253170225,
      0.042506648434533015,
      0.04261869937181473,
      0.04138886969950464,
      0.0416418785850207,
      0.04157480804456605
    ],
    "steps": [
      0,
      300,
      600,
      900,
      1200,
      1500,
      1800,
      2100,
      2400,
      2700
    ],
    "precision_gates": [
      0.49799999594688416,
      0.49399998784065247,
      0.4959999918937683,
      0.4970000088214874
    ]
  }
}